[
    {
      "id": 1,
      "fullName": "Christopher Wilson"
    },
    {
      "id": 2,
      "fullName": "Sophia Moore"
    },
    {
      "id": 3,
      "fullName": "John Brown"
    },
    {
      "id": 4,
      "fullName": "Emily Johnson"
    },
    {
      "id": 5,
      "fullName": "Daniel Davis"
    },
    {
      "id": 6,
      "fullName": "Michael Taylor"
    },
    {
      "id": 7,
      "fullName": "Olivia Miller"
    },
    {
      "id": 8,
      "fullName": "Jane Smith"
    },
    {
      "id": 9,
      "fullName": "Emma Williams"
    },
    {
      "id": 10,
      "fullName": "David Jones"
    }
  ]
  